{"v":"5.5.7","meta":{"g":"LottieFiles AE 0.1.20","a":"","k":"","d":"","tc":""},"fr":25,"ip":0,"op":50,"w":80,"h":80,"nm":"icon_Forebearance","ddd":0,"assets":[],"layers":[{"ddd":0,"ind":1,"ty":4,"nm":"Shape Layer 1","sr":1,"ks":{"o":{"a":0,"k":100,"ix":11},"r":{"a":0,"k":0,"ix":10},"p":{"a":0,"k":[40,40,0],"ix":2},"a":{"a":0,"k":[0,0,0],"ix":1},"s":{"a":0,"k":[100,100,100],"ix":6}},"ao":0,"shapes":[],"ip":0,"op":1130,"st":0,"bm":0},{"ddd":0,"ind":2,"ty":4,"nm":"Layer 1","sr":1,"ks":{"o":{"a":1,"k":[{"i":{"x":[0.833],"y":[0.833]},"o":{"x":[0.167],"y":[0.167]},"t":8,"s":[0]},{"i":{"x":[0.833],"y":[0.833]},"o":{"x":[0.167],"y":[0.167]},"t":10,"s":[100]},{"t":15,"s":[100]}],"ix":11},"r":{"a":0,"k":0,"ix":10},"p":{"a":1,"k":[{"i":{"x":0.833,"y":0.833},"o":{"x":0.167,"y":0.167},"t":10,"s":[41,27,0],"to":[0,0,0],"ti":[0,0,0]},{"i":{"x":0.833,"y":0.833},"o":{"x":0.167,"y":0.167},"t":11,"s":[41,27,0],"to":[0,0,0],"ti":[0,0,0]},{"i":{"x":0.833,"y":0.833},"o":{"x":0.167,"y":0.167},"t":12,"s":[41,27,0],"to":[0,0,0],"ti":[0,0,0]},{"i":{"x":0.833,"y":0.833},"o":{"x":0.167,"y":0.167},"t":13,"s":[41,27,0],"to":[0,0,0],"ti":[0,0,0]},{"i":{"x":0.833,"y":0.833},"o":{"x":0.167,"y":0.167},"t":14,"s":[41,27,0],"to":[-0.062,0,0],"ti":[0.062,0,0]},{"t":15,"s":[40.625,27,0]}],"ix":2},"a":{"a":0,"k":[-22.875,-4.5,0],"ix":1},"s":{"a":0,"k":[263.409,300.824,100],"ix":6}},"ao":0,"shapes":[{"ty":"gr","it":[{"ty":"st","c":{"a":0,"k":[0.17647058823529413,0.615686274509804,1,1],"ix":3},"o":{"a":0,"k":100,"ix":4},"w":{"a":0,"k":1.5,"ix":5},"lc":1,"lj":1,"ml":4,"bm":0,"nm":"Stroke 1","mn":"ADBE Vector Graphic - Stroke","hd":false},{"ty":"fl","c":{"a":0,"k":[1,1,1,1],"ix":4},"o":{"a":0,"k":100,"ix":5},"r":1,"bm":0,"nm":"Fill 1","mn":"ADBE Vector Graphic - Fill","hd":false},{"ty":"tr","p":{"a":0,"k":[0,0],"ix":2},"a":{"a":0,"k":[0,0],"ix":1},"s":{"a":0,"k":[100,100],"ix":3},"r":{"a":0,"k":0,"ix":6},"o":{"a":0,"k":100,"ix":7},"sk":{"a":0,"k":0,"ix":4},"sa":{"a":0,"k":0,"ix":5},"nm":"Transform"}],"nm":"Shape 1","np":2,"cix":2,"bm":0,"ix":1,"mn":"ADBE Vector Group","hd":false},{"ty":"gr","it":[{"ind":0,"ty":"sh","ix":1,"ks":{"a":1,"k":[{"i":{"x":0.833,"y":0.833},"o":{"x":0.167,"y":0.167},"t":11,"s":[{"i":[[0,0.101],[0,0],[0.869,0.068],[0,-1.873],[0,0]],"o":[[0,0],[0,-1.789],[-0.91,-0.068],[0,0],[0,0.084]],"v":[[-23.041,-3.161],[-23.041,-3.799],[-24.582,-7.174],[-26.245,-3.867],[-26.245,-2.23]],"c":false}]},{"i":{"x":0.833,"y":0.833},"o":{"x":0.167,"y":0.167},"t":14,"s":[{"i":[[0,0.101],[0,0],[1.559,0.068],[0,-1.873],[0,0]],"o":[[0,0],[0,-1.789],[-1.632,-0.068],[0,0],[0,0.084]],"v":[[-20.501,-3.784],[-20.496,-3.799],[-23.26,-7.174],[-26.245,-3.867],[-26.245,-2.23]],"c":false}]},{"t":15,"s":[{"i":[[0,0.101],[0,0],[1.789,0.068],[0,-1.873],[0,0]],"o":[[0,0],[0,-1.789],[-1.873,-0.068],[0,0],[0,0.084]],"v":[[-19.648,-2.247],[-19.648,-3.799],[-22.82,-7.174],[-26.245,-3.867],[-26.245,-2.23]],"c":false}]}],"ix":2},"nm":"Path 1","mn":"ADBE Vector Shape - Group","hd":false},{"ty":"st","c":{"a":0,"k":[0.17647058823529413,0.615686274509804,1,1],"ix":3},"o":{"a":0,"k":100,"ix":4},"w":{"a":0,"k":1.5,"ix":5},"lc":1,"lj":1,"ml":10,"bm":0,"nm":"Stroke 1","mn":"ADBE Vector Graphic - Stroke","hd":false},{"ty":"tr","p":{"a":0,"k":[0,0],"ix":2},"a":{"a":0,"k":[0,0],"ix":1},"s":{"a":0,"k":[100,100],"ix":3},"r":{"a":0,"k":0,"ix":6},"o":{"a":0,"k":100,"ix":7},"sk":{"a":0,"k":0,"ix":4},"sa":{"a":0,"k":0,"ix":5},"nm":"Transform"}],"nm":"Group 1","np":2,"cix":2,"bm":0,"ix":2,"mn":"ADBE Vector Group","hd":false}],"ip":3,"op":1133,"st":3,"bm":0},{"ddd":0,"ind":3,"ty":4,"nm":"sheild","sr":1,"ks":{"o":{"a":1,"k":[{"i":{"x":[0.833],"y":[0.833]},"o":{"x":[0.167],"y":[0.167]},"t":5,"s":[0]},{"t":7,"s":[100]}],"ix":11},"r":{"a":0,"k":0,"ix":10},"p":{"a":0,"k":[39.836,39.859,0],"ix":2},"a":{"a":0,"k":[0,0,0],"ix":1},"s":{"a":0,"k":[131.917,131.917,100],"ix":6}},"ao":0,"shapes":[{"ty":"gr","it":[{"ind":0,"ty":"sh","ix":1,"ks":{"a":0,"k":{"i":[[0,0],[0.193,-0.071],[1.865,-0.63],[0,-0.404],[0,0],[0,0],[-5.444,-3.269],[-0.173,-0.017],[0,0],[0,0],[-0.267,0.154],[0,3.659],[0,0],[0.325,0.119],[1.817,0.713],[0.104,0.013],[0,0]],"o":[[-0.12,0],[-1.817,0.713],[-0.325,0.119],[0,0],[0,0],[0.074,3.475],[0.311,0.18],[0,0],[0,0],[0.154,-0.028],[5.56,-3.339],[0,0],[0,-0.404],[-1.865,-0.63],[-0.144,-0.053],[0,0],[0,0]],"v":[[0,-9.96],[-0.438,-9.857],[-7.646,-7.255],[-8.043,-6.566],[-8.043,1.727],[-8.041,1.952],[-0.703,9.687],[-0.031,9.96],[0.016,9.96],[0.107,9.948],[0.703,9.687],[8.043,1.727],[8.043,-6.566],[7.646,-7.255],[0.438,-9.857],[0.066,-9.958],[0.031,-9.96]],"c":true},"ix":2},"nm":"Path 1","mn":"ADBE Vector Shape - Group","hd":false},{"ty":"st","c":{"a":0,"k":[0.17647058823529413,0.615686274509804,1,1],"ix":3},"o":{"a":0,"k":100,"ix":4},"w":{"a":0,"k":2,"ix":5},"lc":2,"lj":1,"ml":10,"bm":0,"nm":"Stroke 1","mn":"ADBE Vector Graphic - Stroke","hd":false},{"ty":"tm","s":{"a":0,"k":0,"ix":1},"e":{"a":1,"k":[{"i":{"x":[0.453],"y":[1]},"o":{"x":[1],"y":[0]},"t":1,"s":[0]},{"t":11.15625,"s":[100]}],"ix":2},"o":{"a":0,"k":0,"ix":3},"m":1,"ix":3,"nm":"Trim Paths 1","mn":"ADBE Vector Filter - Trim","hd":false},{"ty":"tr","p":{"a":0,"k":[0,0],"ix":2},"a":{"a":0,"k":[0,0],"ix":1},"s":{"a":0,"k":[263.417,263.417],"ix":3},"r":{"a":1,"k":[{"i":{"x":[0],"y":[1]},"o":{"x":[0.047],"y":[0]},"t":2.042,"s":[-48]},{"t":11.15625,"s":[0]}],"ix":6},"o":{"a":1,"k":[{"i":{"x":[0],"y":[1]},"o":{"x":[0.759],"y":[0]},"t":4,"s":[0]},{"t":11.15625,"s":[100]}],"ix":7},"sk":{"a":0,"k":0,"ix":4},"sa":{"a":0,"k":0,"ix":5},"nm":"Transform"}],"nm":"Group 1","np":3,"cix":2,"bm":0,"ix":1,"mn":"ADBE Vector Group","hd":false},{"ty":"tm","s":{"a":0,"k":0,"ix":1},"e":{"a":0,"k":100,"ix":2},"o":{"a":0,"k":0,"ix":3},"m":1,"ix":2,"nm":"Trim Paths 1","mn":"ADBE Vector Filter - Trim","hd":false}],"ip":0,"op":1130,"st":0,"bm":0},{"ddd":0,"ind":4,"ty":4,"nm":"lock","sr":1,"ks":{"o":{"a":1,"k":[{"i":{"x":[0.833],"y":[0.833]},"o":{"x":[0.167],"y":[0.167]},"t":8,"s":[0]},{"t":10,"s":[100]}],"ix":11},"r":{"a":0,"k":0,"ix":10},"p":{"a":0,"k":[40,40,0],"ix":2},"a":{"a":0,"k":[0,0,0],"ix":1},"s":{"a":0,"k":[316.606,316.606,100],"ix":6}},"ao":0,"shapes":[{"ty":"gr","it":[{"ind":0,"ty":"sh","ix":1,"ks":{"a":0,"k":{"i":[[0.253,0],[0,0],[0.101,0],[0,0],[0,-0.253],[0,0],[-0.253,0],[0,0],[0,0.253],[0,0]],"o":[[0,0],[-0.084,0],[0,0],[-0.253,0],[0,0],[0,0.253],[0,0],[0.253,0],[0,0],[0.017,-0.253]],"v":[[4.296,-2.078],[3.637,-2.078],[-3.298,-2.061],[-3.956,-2.061],[-4.412,-1.606],[-4.412,4.368],[-3.956,4.824],[4.279,4.824],[4.734,4.368],[4.734,-1.623]],"c":true},"ix":2},"nm":"Path 1","mn":"ADBE Vector Shape - Group","hd":false},{"ty":"fl","c":{"a":0,"k":[0.17647058823529413,0.615686274509804,1,1],"ix":4},"o":{"a":0,"k":100,"ix":5},"r":1,"bm":0,"nm":"Fill 1","mn":"ADBE Vector Graphic - Fill","hd":false},{"ty":"tr","p":{"a":0,"k":[0,0],"ix":2},"a":{"a":0,"k":[0,0],"ix":1},"s":{"a":0,"k":[100,100],"ix":3},"r":{"a":0,"k":0,"ix":6},"o":{"a":0,"k":100,"ix":7},"sk":{"a":0,"k":0,"ix":4},"sa":{"a":0,"k":0,"ix":5},"nm":"Transform"}],"nm":"Group 1","np":2,"cix":2,"bm":0,"ix":1,"mn":"ADBE Vector Group","hd":false}],"ip":3,"op":1133,"st":3,"bm":0}],"markers":[]}